id,user_prompt,result
1,什么是二次函数？,"**二次函数：简要解读**

二次函数是一种特殊类型的函数，即，它可以被写成一种特定的形式，形式为：

`f(x) = ax^2 + bx + c`

其中，`a`、`b` 和 `c` 是常数，它们分别代表线性多项式中各个系数。

**一个形象化的例子**

想象你的身高（或任何其他测量值）的变化与时间有关。二次函数可以用来描述这种关系。

例如，假设你每年体重都会增加一些（比如，每年增加 1 公斤），并且你的身高会按照某种方式改变。如果我们知道你的原始身高和每年的增长率，我们就可以用二次函数写出一个模型，表示你的身高随时间的变化。

**实例**

如果你最初的身高是 165 cm，年轻时增加 2 cm 每年，当你成年后，每年下降 0.5 cm，你可以使用以下二次函数：

`f(x) = -x^2 + 166`

其中，`a` 的值为 `-1（因为你的身高每年会减少一次`)，`b` 和 `c` 的值分别为 `166（初始身高）` 和 `0（没有平移或垂直缩放）`

**理解主要概念**

理解二次函数通常需要三个关键方面：

*   **a**：确定了函数的方向和顶点。如果 `a > 0`，它是一个开口向上的正弦；如果 `a < 0`，则为倒opens。 
*   **b**：描述的是函数的平移或垂直缩放。
*   **c**：代表了函数的水平转置。

二次函数提供了一种简单且高效的方法来表示多个相变量之间的关系，因此在物理、工程和经济中都有着广泛的应用。"
2,请解释概率的含义," Probability 是一种很重要的抽象概念，帮助我们理解不确定性和可能结果的可能性。

**概率是什么？**

 imagine You đang想选一个红心牌、黑桃牌、流星牌中的任意一张。有 52 张牌，但你只想选择其中三种。这个问题就像是一场投掷二次骰子，这里的结果只有三种：红心、黑桃和流星。

概率是测量这些可能结果出现的可能性大小的值，通常用数字来表示，即一个数字从 0 到 1 之间（含）。它 tells 你的结果的可能性，是这个范围中的数字。这三个例子中每个人的抽掷都是独立的，相同的事件不能同时发生。因此，如果在一次抽掷中结果是流星，则会被记为成功（即该牌），再次抽掷也是无关的，并且将得到正确答案。

比如说，当你投掷一个骰子时，有六种可能的结果：1、2、3、4、5 和 6。如果骰子向上弹出 **4** 的概率是 **1/6**，即 16.67%。这是因为有六个可能结果中的一个成功的可能性。

然而，这与生活中很重要的问题相反，在大多数情况下，当我们投掷两个或更复杂的随机变量时，我们会得到许多结果，而概率则能描述我们的成功和失败的感觉。

**计算概率**

现在，我们需要了解计算概率是有趣的。让我们继续上一个例子：三个小袋子，每个袋中只有红心、黑桃或流星一张牌。在每个袋里都抽出一张牌，结果最终是这个可能结果之间的选择。

我们想要找到这 4 种情况中的哪种情况，即红心、黑桃、流星和 **不成功**（即没有红心），在 4 种这种情况之间，我们要计算其概率。在我们每一步骤中，我们使用如下公式：
 
P(A和B) = P(A) x P(B)
此公式是我们两个条件或多个条件出现的时间的总和，即找到这些条件的事件概率
首先，让我们分别求出获得每个牌的概率：

- 每个牌的概率都是 **1/3，因为 3 个结果共有3张牌。**

现在，我们计算出每种情况得到的概率。

- **红心和黑桃** 的概率是 **2x(1/3)x(1/3) = 2/9，** 因为我们有两种可能性，即红心和 Black桃，每一种都是 **1/3**。 

- 黑桃和流星的可能性也是 **2 x (1/3)* (1/3) = 4/9**

- 三张牌都是黑桃（也就是说 **不成功**）
在这种情况下，我们需要两个条件都会不可能出现的概率，因此我们将它们的乘积计算为： 

- 的概率是 2 * 2 / 3 * 3 = 4/9

现在，要找到其中一种情况和任何其他情况都出现的**每一种事件的总和和得到某种概率，即 **P（A or B）= P（A）+ P（B）-P（C）。**
在我们所有这些情况中，有四种事件。
 
所以我们的答案是 

 3x (2/9)+3x(4/9)=5x1/3=5/3
  
因此概率是 **(5 x1/3) = 5 / 3。

我希望你理解了，这其中涉及基本概念，抽象出结果以及一些计算的细节。"
